course_id,course_name,category,domain,difficulty_level,tags,instructor,rating,estimated_hours,enrollment_count,price,price_category,popularity_score,,
DS001,Intro to Python,Programming,Data Science,Beginner,Python Basics,Prof. Michael Roberts,4.7,40,1920,59.99,Mid-range,9.5,,
DS002,Statistics 101,Mathematics,Data Science,Beginner,"Descriptive Statistics, Probability, Hypothesis Testing",Prof. Michael Roberts,4.3,50,1920,59.99,Mid-range,8.26,,
DS003,ML Basics,Machine Learning,Data Science,Intermediate,"Supervised Learning, Regression, Classification, Model Evaluation",Dr. Amanda Johnson,4.7,60,3200,89.99,Premium,15.04,,
DS004,Deep Learning Fundamentals,Machine Learning,AI/ML,Advanced,"Neural Networks, CNN, RNN, PyTorch, TensorFlow",Dr. Kevin Zhang,4.8,80,1850,129.99,Premium,8.88,,
WD001,HTML5 Fundamentals,Frontend,Web Development,Beginner,"HTML5 Tags, Semantic HTML, Forms, Accessibility",Lisa Martinez,4.4,30,4200,39.99,Budget,18.48,,
WD002,Web Design Basics,Design,Web Development,Beginner,"CSS3, Responsive Design, Flexbox, Grid Layout",Carlos Rodriguez,4.6,40,3100,54.99,Mid-range,14.26,,
WD003,JavaScript Essentials,Programming,Web Development,Beginner,"JavaScript Syntax, DOM Manipulation, Event Handling, AJAX",Emma Thompson,4.5,50,2800,69.99,Mid-range,12.6,,
WD004,React Development,Framework,Web Development,Beginner,"React Components, State Management, Hooks, Redux",David Kim,4.7,70,2400,99.99,Premium,11.28,,
DS004,Deep Learning Fundamentals,Machine Learning,AI/ML,Advanced,"Neural Networks, CNN, RNN, PyTorch, TensorFlow",Dr. Kevin Zhang,4.2,40,8.88,129.99,Mid-range,6.93,,
DS005,Advanced Neural Networks,Machine Learning,AI/ML,Expert,"Deep CNNs, LSTM, GAN, Transformer Models, Keras",Dr. Sarah Chen,4.4,30,9.12,149.99,Budget,16.72,,
DS006,Computer Vision with Deep Learning,Machine Learning,AI/ML,Advanced,"Image Processing, Object Detection, CNN, OpenCV, YOLO",Prof. Michael Rodriguez,4.1,60,8.95,139.99,Mid-range,9.02,,
DS007,Natural Language Processing Deep Dive,Machine Learning,AI/ML,Advanced,"NLP, BERT, GPT, Text Classification, Sentiment Analysis",Dr. Amanda Liu,4.6,50,9.03,134.99,Mid-range,9.66,,
DS008,Reinforcement Learning Mastery,Machine Learning,AI/ML,Expert,"Q-Learning, Policy Gradients, Deep Q-Networks, OpenAI Gym",Dr. James Park,4.5,40,8.76,159.99,Mid-range,8.1,,
DS009,MLOps and Model Deployment,Machine Learning,AI/ML,Advanced,"Docker, Kubernetes, MLflow, Model Monitoring, CI/CD",Prof. Lisa Thompson,4.3,40,8.84,124.99,Mid-range,6.02,,
WD001,HTML5 basics,Frontend,Web Development,Beginner,"HTML5 Tags, Semantic HTML, Forms, Accessibility",Lisa Martinez,4.4,50,18.48,39.99,Mid-range,5.28,,
WD005,HTML5 Advanced Techniques,Frontend,Web Development,Intermediate,"Canvas API, Web Storage, Geolocation, Web Workers, PWA",Carlos Garcia,4.8,80,16.92,49.99,Premium,4.7,,
WD006,Semantic Web Development,Frontend,Web Development,Beginner,"Microdata, Schema.org, ARIA, SEO Optimization, Web Standards",Jennifer Wong,4.5,60,17.85,44.99,Mid-range,7.2,,
WD007,Progressive Web Apps Basics,Frontend,Web Development,Intermediate,"Service Workers, App Manifests, Offline Functionality, Push Notifications",Robert Kumar,4.6,50,16.24,54.99,Premium,5.06,,
WD008,Web Accessibility Fundamentals,Frontend,Web Development,Beginner,"WCAG Guidelines, Screen Readers, Keyboard Navigation, Color Contrast",Maria Gonzalez,4.2,30,18.12,42.99,Mid-range,8.4,,
WD009,Mobile-First HTML Development,Frontend,Web Development,Intermediate,"Responsive Images, Touch Events, Viewport Meta, Mobile Optimization",Alex Johnson,4.7,60,17.36,47.99,Premium,13.16,,
WD002,Web Design Basics,Design,Web Development,Beginner,"CSS3, Responsive Design, Flexbox, Grid Layout",Carlos Rodriguez,4.3,40,14.26,54.99,Mid-range,5.59,,
WD010,Advanced CSS Styling,Design,Web Development,Intermediate,"CSS Animations, Transforms, Custom Properties, Sass/SCSS",Sophie Laurent,4.1,20,13.78,64.99,Budget,3.69,,
WD011,UI/UX Design Principles,Design,Web Development,Beginner,"Color Theory, Typography, User Research, Wireframing, Prototyping",Nathan Brooks,4.5,50,15.02,59.99,Premium,6.75,,
WD012,CSS Grid Layout Mastery,Design,Web Development,Intermediate,"Grid Systems, Complex Layouts, Responsive Grids, Browser Support",Isabella Chen,4.4,40,12.84,52.99,Mid-range,9.68,,
WD013,Modern CSS Architecture,Design,Web Development,Advanced,"BEM Methodology, CSS Modules, Styled Components, Design Systems",Diego Martinez,4.3,40,11.58,74.99,Mid-range,7.74,,
WD014,Animation and Interaction Design,Design,Web Development,Intermediate,"CSS Animations, JavaScript Transitions, GSAP, Motion Design",Rachel Kim,4.6,60,13.92,69.99,Mid-range,6.44,,
WD003,JavaScript Essentials,Programming,Web Development,Beginner,"JavaScript Syntax, DOM Manipulation, Event Handling, AJAX",Emma Thompson,4.5,50,12.6,69.99,Mid-range,11.93,,
WD015,JavaScript Advanced Concepts,Programming,Web Development,Intermediate,"Closures, Prototypes, Async/Await, ES6+ Features, Modules",Michael Chang,4.4,40,11.88,79.99,Mid-range,9.24,,
WD016,Frontend JavaScript Frameworks,Programming,Web Development,Intermediate,"Vue.js, Angular Basics, Component Architecture, State Management",Amanda Foster,4.6,30,11.34,84.99,Budget,15.64,,
WD017,JavaScript Testing and Debugging,Programming,Web Development,Intermediate,"Jest, Unit Testing, Browser DevTools, Error Handling, Performance",Trevor Wilson,4.7,70,12.18,74.99,Premium,5.64,,
WD018,Node.js Backend Development,Programming,Web Development,Intermediate,"Express.js, APIs, Database Integration, Authentication, Deployment",Priya Patel,4.8,80,11.52,89.99,Premium,8.64,,
WD019,Modern JavaScript Development,Programming,Web Development,Advanced,"TypeScript, Webpack, Babel, npm/yarn, Code Splitting",Oliver Davis,4.6,90,10.86,94.99,Premium,4.37,,
WD004,React Development,Framework,Web Development,Beginner,"React Components, State Management, Hooks, Redux",David Kim,4.3,40,11.28,99.99,Mid-range,7.53,,
WD020,React Advanced Patterns,Framework,Web Development,Intermediate,"Higher-Order Components, Render Props, Context API, Custom Hooks",Jessica Zhang,4.5,30,10.74,109.99,Mid-range,9.9,,
WD021,React with TypeScript,Framework,Web Development,Intermediate,"TypeScript Integration, Type Safety, Interface Design, Generic Components",Andrew Miller,4.4,20,10.32,104.99,Budget,12.32,,
WD022,React State Management,Framework,Web Development,Advanced,"Redux Toolkit, Zustand, React Query, Context Patterns",Samantha Lee,4.6,50,9.84,114.99,Premium,9.2,,
WD023,React Testing Strategies,Framework,Web Development,Intermediate,"Jest, React Testing Library, Component Testing, Integration Tests",Benjamin Clark,4.5,60,11.04,99.99,Premium,6.3,,
WD024,Full-Stack React Development,Framework,Web Development,Advanced,"Next.js, Server-Side Rendering, API Routes, Database Integration",Victoria Rodriguez,4.5,40,9.48,124.99,Mid-range,11.7,,
BF001,Finance 101,Finance,Business,Beginner,"Financial Statements, Time Value of Money, Risk Analysis",Prof. Jennifer Walsh,4.4,50,6.93,64.99,Mid-range,9.68,,
BF002,Corporate Finance Fundamentals,Finance,Business,Intermediate,"Capital Budgeting, Cost of Capital, Financial Planning, Valuation",Dr. Robert Harrison,4.6,60,6.48,74.99,Premium,8.28,,
BF003,Investment Analysis Basics,Finance,Business,Beginner,"Portfolio Theory, Asset Valuation, Market Analysis, Risk Management",Prof. Sarah Mitchell,4.5,70,6.72,69.99,Premium,7.2,,
BF004,Personal Financial Planning,Finance,Business,Beginner,"Budgeting, Retirement Planning, Insurance, Tax Strategies",Lisa Chen,4.7,60,7.35,59.99,Premium,5.64,,
BF005,Financial Markets Overview,Finance,Business,Intermediate,"Stock Markets, Bond Markets, Derivatives, Market Efficiency",Dr. Mark Thompson,4.3,40,6.54,79.99,Mid-range,10.32,,
BF006,Banking and Credit Fundamentals,Finance,Business,Beginner,"Credit Analysis, Loan Products, Banking Operations, Interest Rates",Amanda Williams,4.4,50,7.08,64.99,Mid-range,12.32,,
BF001,Finance 101,Finance,Business,Beginner,"Financial Statements, Time Value of Money, Risk Analysis",Prof. Jennifer Walsh,4.6,40,1650,64.99,Premium,4.6,,
BF002,Excel for Business,Tools,Business,Intermediate,"Advanced Excel Functions, Pivot Tables, Data Analysis, VBA",Mark Anderson,4.4,30,3800,49.99,Mid-range,6.3,,
BF003,Economics 101,Economics,Business,Beginner,"Microeconomics, Macroeconomics, Market Analysis",Dr. Rachel Green,4.1,60,2200,59.99,Mid-range,9.4,,
DG001,UX Principles,UX Design,Design,Beginner,"User Research, Wireframing, Prototyping, Usability Testing",Sophie Taylor,4.6,50,2100,74.99,Premium,5.52,,
DG002,Visual Design,Visual Design,Design,Intermediate,"Typography, Color Theory, Layout Design, Brand Identity",Alex Parker,4.5,40,1800,69.99,Mid-range,6.16,,
CS001,Network Basics,Networking,Cybersecurity,Beginner,"TCP/IP, OSI Model, Network Protocols, Basic Security",James Wilson,4.3,40,1400,59.99,Premium,4.95,,
CS002,OS Fundamentals,Operating Systems,Cybersecurity,Intermediate,"Linux, Windows Security, File Systems, Process Management",Maria Gonzalez,4.4,50,1200,69.99,Premium,3.68,,
CS003,Ethical Hacking,Security,Cybersecurity,Advanced,"Penetration Testing, Vulnerability Assessment, Security Tools",Dr. Robert Black,4.8,80,980,149.99,Mid-range,9.24,,
GD001,Unity Basics,Game Engine,Game Development,Beginner,"Unity Interface, GameObjects, Scripts, Physics",Tom Bradley,4.5,60,1600,79.99,Premium,7.92,,
GD002,Game Mechanics,Game Design,Game Development,Intermediate,"Game Balance, Player Engagement, Level Design, UI/UX for Games",Jessica Lee,4.6,50,1100,84.99,Mid-range,13.76,,
CC001,Cloud Basics,Cloud Computing,Cloud,Beginner,"Cloud Concepts, Service Models, Deployment Models",Ryan Moore,4.2,30,2000,54.99,Mid-range,8.55,,
CC002,Intro to AWS,Cloud Platform,Cloud,Intermediate,"EC2, S3, IAM, VPC, Lambda, CloudFormation",Linda Chang,4.7,60,2800,94.99,Mid-range,11.44,,
HR001,HR Fundamentals,Human Resources,Business,Beginner,"Recruitment, Performance Management, Employee Relations",Patricia Davis,4.3,40,1300,59.99,Mid-range,6.88,,
HR002,Workplace Ethics,Ethics,Business,Beginner,"Business Ethics, Compliance, Diversity & Inclusion",Dr. Steven White,4.1,20,900,39.99,Premium,5.4,,
PM001,Product Strategy,Strategy,Product Management,Intermediate,"Market Research, Product Roadmaps, Competitive Analysis",Michelle Brown,4.5,50,1500,89.99,Mid-range,4.2,,
PM002,Agile Methods,Methodology,Product Management,Intermediate,"Scrum, Kanban, Sprint Planning, Retrospectives",Daniel Miller,4.4,40,2200,69.99,Premium,3.96,,
PF001,OOP Concepts,Programming,Computer Science,Intermediate,"Classes, Objects, Inheritance, Polymorphism, Encapsulation",Dr. Andrew Clark,4.3,40,1800,64.99,Mid-range,10.56,,
PF002,Data Structures,Programming,Computer Science,Advanced,"Arrays, Linked Lists, Trees, Graphs, Hash Tables",Prof. Nancy Adams,4.6,60,1400,79.99,Premium,9.66,,
DS005,Advanced Python,Programming,Data Science,Intermediate,"Advanced Functions, Decorators, Generators, Context Managers",Dr. Sarah Mitchell,4.5,50,2650,74.99,Mid-range,8.1,,
DS006,Data Visualization,Visualization,Data Science,Intermediate,"Matplotlib, Seaborn, Plotly, Dashboard Creation",Prof. Robert Chen,4.4,40,2100,69.99,Premium,10.34,,
DS007,SQL for Data Science,Database,Data Science,Beginner,"SQL Syntax, Joins, Aggregations, Subqueries",Maria Santos,4.6,30,3400,49.99,Premium,5.52,,
DS008,Time Series Analysis,Statistics,Data Science,Advanced,"ARIMA, Seasonal Decomposition, Forecasting, Prophet",Dr. James Liu,4.7,70,1200,119.99,Premium,4.5,,
DS009,Natural Language Processing,AI/ML,Data Science,Advanced,"Text Processing, Sentiment Analysis, NLTK, spaCy",Dr. Elena Petrov,4.8,80,1800,139.99,Premium,6.44,,
DS010,Big Data Analytics,Big Data,Data Science,Advanced,"Hadoop, Spark, Kafka, Data Pipeline Design",Prof. David Kumar,4.6,90,950,159.99,Mid-range,7.04,,
DS011,R Programming,Programming,Data Science,Beginner,"R Syntax, Data Manipulation, Statistical Analysis, ggplot2",Dr. Lisa Harper,4.3,40,1750,64.99,Premium,4.95,,
DS012,Pandas Mastery,Programming,Data Science,Intermediate,"DataFrame Operations, Data Cleaning, Merging, Grouping",Carlos Mendez,4.5,30,2200,54.99,Mid-range,5.16,,
DS013,NumPy Fundamentals,Programming,Data Science,Beginner,"Array Operations, Mathematical Functions, Broadcasting",Prof. Angela White,4.4,20,2800,39.99,Premium,3.52,,
DS014,Scikit-learn Workshop,Machine Learning,Data Science,Intermediate,"Model Selection, Cross-validation, Hyperparameter Tuning",Dr. Michael Torres,4.6,50,2000,84.99,Premium,5.98,,
DS015,Statistical Modeling,Statistics,Data Science,Advanced,"Linear Models, GLM, Bayesian Analysis, Model Validation",Prof. Rebecca Adams,4.5,60,1400,99.99,Mid-range,8.6,,
WD005,CSS3 Advanced,Frontend,Web Development,Intermediate,"CSS Animations, Transforms, Custom Properties, CSS Grid",Sophie Chen,4.5,40,2600,59.99,Premium,3.76,,
WD006,Node.js Fundamentals,Backend,Web Development,Intermediate,"Express.js, NPM, Asynchronous Programming, RESTful APIs",Mark Johnson,4.4,50,2200,79.99,Premium,2.76,,
WD007,Vue.js Development,Framework,Web Development,Advanced,"Vue Components, Vuex, Vue Router, Composition API",Dr. Amanda Rodriguez,4.6,60,1800,94.99,Premium,4.05,,
WD008,Angular Essentials,Framework,Web Development,Advanced,"Angular Components, Services, Routing, RxJS",Prof. Kevin Park,4.5,70,1600,109.99,Premium,5.28,,
WD009,Web Security,Security,Web Development,Advanced,"OWASP, XSS Prevention, CSRF, Authentication, Authorization",Dr. Lisa Black,4.7,40,1200,89.99,Premium,4.7,,
WD010,WordPress Development,CMS,Web Development,Intermediate,"WordPress Themes, Plugins, Custom Post Types, Hooks",Carlos Martinez,4.3,50,2400,69.99,Mid-range,4.73,,
WD011,Responsive Web Design,Design,Web Development,Intermediate,"Media Queries, Mobile-First Design, Progressive Enhancement",Emma Davis,4.4,30,2800,54.99,Premium,2.4,,
WD012,Web Performance,Optimization,Web Development,Advanced,"Lazy Loading, Code Splitting, Performance Metrics, Optimization",Dr. Ryan Thompson,4.6,40,1000,94.99,Budget,10.08,,
WD013,GraphQL Fundamentals,API,Web Development,Advanced,"GraphQL Schema, Queries, Mutations, Apollo Server",Prof. Jennifer Kim,4.5,30,1400,79.99,Premium,3.52,,
WD014,TypeScript Essentials,Programming,Web Development,Intermediate,"Type Annotations, Interfaces, Generics, Modules",Michael Brown,4.7,40,2000,69.99,Premium,2.76,,
WD015,Progressive Web Apps,Framework,Web Development,Advanced,"Service Workers, Offline Functionality, Push Notifications",Dr. Sarah Wilson,4.6,50,1200,99.99,Premium,3.87,,
BF004,Investment Analysis,Finance,Business,Intermediate,"Portfolio Theory, Risk Assessment, Asset Valuation, Financial Markets",Prof. William Davis,4.4,50,1400,79.99,Premium,1.88,,
BF005,Corporate Finance,Finance,Business,Advanced,"Capital Structure, Valuation, M&A, Financial Planning",Dr. Patricia Moore,4.5,60,1100,99.99,Premium,5.52,,
BF006,Financial Modeling,Finance,Business,Advanced,"DCF Models, Scenario Analysis, Sensitivity Analysis, Excel VBA",Prof. Robert Taylor,4.6,70,800,129.99,Mid-range,7.92,,
BF007,Accounting Fundamentals,Accounting,Business,Beginner,"Financial Statements, Journal Entries, Trial Balance, Cash Flow",Maria Gonzalez,4.2,40,2200,59.99,Premium,4.7,,
BF008,Business Strategy,Strategy,Business,Intermediate,"Strategic Planning, Competitive Analysis, SWOT, Porter's Five Forces",Dr. James Anderson,4.4,50,1800,84.99,Premium,6.3,,
BF009,Digital Marketing,Marketing,Business,Beginner,"SEO, Social Media, Content Marketing, Email Marketing",Lisa Rodriguez,4.3,40,3200,64.99,Premium,7.04,,
BF010,Data Analytics for Business,Analytics,Business,Intermediate,"Business Intelligence, KPIs, Reporting, Data-Driven Decisions",Dr. Kevin Chen,4.5,50,1900,79.99,Mid-range,3.44,,
BF011,Project Management,Management,Business,Intermediate,"Project Planning, Risk Management, Resource Allocation, Gantt Charts",Prof. Nancy White,4.4,40,2600,69.99,Premium,2.76,,
BF012,Leadership Skills,Management,Business,Intermediate,"Team Building, Communication, Conflict Resolution, Motivation",Dr. Steven Brown,4.3,30,1600,59.99,Mid-range,5.04,,
BF013,Entrepreneurship,Business,Business,Intermediate,"Business Plans, Startup Funding, Market Validation, Lean Startup",Michelle Garcia,4.5,60,1200,89.99,Mid-range,4.3,,
BF014,Supply Chain Management,Operations,Business,Intermediate,"Logistics, Inventory Management, Supplier Relations, Optimization",Prof. Daniel Kim,4.2,50,1000,74.99,Mid-range,6.16,,
BF015,International Business,Business,Business,Advanced,"Global Markets, Cultural Differences, Trade Regulations, Currency",Dr. Elena Martinez,4.4,60,900,94.99,Premium,3.76,,
DG003,Graphic Design Fundamentals,Visual Design,Design,Beginner,"Adobe Creative Suite, Design Principles, Color Theory, Typography",Alex Thompson,4.4,40,2400,69.99,Mid-range,4.95,,
DG004,Adobe Photoshop Mastery,Tools,Design,Intermediate,"Photo Editing, Compositing, Retouching, Digital Art",Prof. Sarah Kim,4.6,50,2100,84.99,Mid-range,2.58,,
DG005,Illustrator for Designers,Tools,Design,Intermediate,"Vector Graphics, Logo Design, Illustrations, Typography",Carlos Wilson,4.5,40,1800,79.99,Premium,10.8,,
DG006,UI/UX Design,UX Design,Design,Intermediate,"Interface Design, User Testing, Design Systems, Figma",Dr. Amanda Taylor,4.7,60,2200,94.99,Premium,8.8,,
DG007,Motion Graphics,Animation,Design,Advanced,"After Effects, Animation Principles, Motion Design, Video Editing",Prof. Michael Rodriguez,4.6,70,1200,119.99,Mid-range,10.12,,
DG008,Brand Identity Design,Branding,Design,Advanced,"Logo Design, Brand Guidelines, Corporate Identity, Market Research",Lisa Chen,4.5,50,1000,99.99,Premium,7.52,,
DG009,Web Design Advanced,Web Design,Design,Advanced,"Responsive Design, Interaction Design, Accessibility, Design Systems",Dr. Kevin Johnson,4.6,60,1400,89.99,Premium,6.3,,
DG010,Design Thinking,Design Process,Design,Intermediate,"Problem Solving, Ideation, Prototyping, Testing, Innovation",Prof. Jennifer Davis,4.4,40,1600,74.99,Premium,5.52,,
DG011,3D Design Basics,3D Design,Design,Intermediate,"Blender, 3D Modeling, Texturing, Rendering, Animation",Dr. Robert Park,4.5,60,1100,94.99,Mid-range,7.74,,
DG012,Print Design,Print,Design,Intermediate,"Layout Design, Typography, Prepress, Color Management",Maria Santos,4.3,30,1200,64.99,Premium,4.4,,
DG013,Package Design,Product Design,Design,Advanced,"Packaging Concepts, Die-cutting, Sustainability, Consumer Psychology",Carlos Anderson,4.4,40,800,89.99,Mid-range,6.72,,
DG014,Digital Illustration,Illustration,Design,Intermediate,"Character Design, Concept Art, Digital Painting, Stylization",Dr. Angela White,4.6,50,1300,84.99,Premium,3.6,,
DG015,Photography Basics,Photography,Design,Beginner,"Camera Settings, Composition, Lighting, Photo Editing",Prof. Lisa Martinez,4.3,30,2000,54.99,Mid-range,5.28,,
CS004,Cryptography,Security,Cybersecurity,Advanced,"Encryption, Hashing, Digital Signatures, PKI, Blockchain",Dr. Michael Chen,4.7,60,800,129.99,Premium,2.58,,
CS005,Incident Response,Security,Cybersecurity,Advanced,"Forensics, Threat Hunting, Malware Analysis, Recovery Procedures",Prof. Sarah Black,4.6,50,600,119.99,Premium,4.5,,
CS006,Cloud Security,Security,Cybersecurity,Advanced,"AWS Security, Azure Security, Compliance, Identity Management",Dr. Kevin Rodriguez,4.5,70,900,139.99,Mid-range,5.28,,
CS007,Mobile Security,Security,Cybersecurity,Intermediate,"iOS Security, Android Security, App Security, Mobile Threats",Maria Thompson,4.4,40,1200,89.99,Mid-range,4.3,,
CS008,Web Application Security,Security,Cybersecurity,Advanced,"OWASP Top 10, SQL Injection, XSS, Secure Coding",Dr. James Wilson,4.7,60,1000,109.99,Mid-range,6.3,,
CS009,Risk Assessment,Security,Cybersecurity,Intermediate,"Risk Analysis, Compliance, Audit, Security Frameworks",Prof. Lisa Davis,4.3,30,1100,74.99,Premium,3.36,,
CS010,Digital Forensics,Forensics,Cybersecurity,Advanced,"Evidence Collection, Chain of Custody, Analysis Tools, Legal Issues",Dr. Robert Garcia,4.8,80,500,159.99,Premium,2.64,,
CS011,Security Awareness,Training,Cybersecurity,Beginner,"Phishing, Social Engineering, Password Security, Best Practices",Amanda Martinez,4.2,20,2400,39.99,Premium,3.01,,
CS012,Vulnerability Management,Security,Cybersecurity,Intermediate,"Vulnerability Scanning, Patch Management, Risk Prioritization",Dr. Steven Kim,4.4,40,800,84.99,Mid-range,8.28,,
CS013,Security Architecture,Architecture,Cybersecurity,Advanced,"Security Design, Zero Trust, Defense in Depth, Threat Modeling",Prof. Jennifer Chen,4.6,70,600,129.99,Mid-range,5.28,,
CS014,Compliance Management,Compliance,Cybersecurity,Intermediate,"GDPR, HIPAA, SOX, PCI DSS, Audit Preparation",Dr. Carlos Brown,4.3,50,900,94.99,Premium,4.5,,
CS015,Malware Analysis,Security,Cybersecurity,Advanced,"Static Analysis, Dynamic Analysis, Reverse Engineering, Sandboxing",Maria Rodriguez,4.7,60,400,149.99,Mid-range,3.87,,
GD003,Unreal Engine Basics,Game Engine,Game Development,Intermediate,"Unreal Interface, Blueprints, Materials, Lighting, Animation",Dr. Tom Wilson,4.6,70,1200,99.99,Mid-range,4.62,,
GD004,2D Game Development,Game Development,Game Development,Beginner,"Sprite Animation, Collision Detection, Game Physics, UI Design",Jessica Martinez,4.4,50,1800,74.99,Premium,2.64,,
GD005,3D Game Programming,Programming,Game Development,Advanced,"3D Mathematics, Shaders, Optimization, Multiplayer Networking",Prof. David Kim,4.7,80,1000,129.99,Premium,3.6,,
GD006,Game Art and Animation,Art,Game Development,Intermediate,"Character Design, Environment Art, Rigging, Animation Principles",Dr. Sarah Thompson,4.5,60,1400,89.99,Premium,5.52,,
GD007,Mobile Game Development,Mobile,Game Development,Intermediate,"Touch Controls, Mobile Optimization, App Store Deployment, Monetization",Carlos Chen,4.4,50,1600,84.99,Mid-range,6.16,,
GD008,Game Audio Design,Audio,Game Development,Intermediate,"Sound Effects, Music Composition, Audio Implementation, Spatial Audio",Prof. Lisa Garcia,4.3,40,800,79.99,Premium,7.2,,
GD009,Virtual Reality Games,VR,Game Development,Advanced,"VR Interaction, Comfort Settings, Spatial Design, VR Optimization",Dr. Michael Davis,4.6,70,600,139.99,Premium,4.7,,
GD010,Game Marketing,Marketing,Game Development,Intermediate,"Steam Marketing, App Store Optimization, Community Building, PR",Amanda Rodriguez,4.2,30,1200,64.99,Premium,3.44,,
GD011,Indie Game Business,Business,Game Development,Intermediate,"Game Monetization, Publishing, Legal Issues, Team Management",Prof. Kevin Martinez,4.3,40,1000,74.99,Premium,5.28,,
GD012,Game Testing and QA,Testing,Game Development,Beginner,"Bug Tracking, Test Planning, User Testing, Quality Assurance",Dr. Jennifer Wilson,4.4,30,1400,59.99,Premium,4.6,,
GD013,Multiplayer Game Development,Networking,Game Development,Advanced,"Network Architecture, Synchronization, Lag Compensation, Security",Prof. Robert Kim,4.7,80,800,149.99,Mid-range,3.78,,
GD014,Game Narrative Design,Writing,Game Development,Intermediate,"Storytelling, Character Development, Dialogue Systems, Branching Narratives",Dr. Angela Chen,4.5,40,1100,79.99,Premium,2.7,,
GD015,Game Localization,Localization,Game Development,Intermediate,"Translation, Cultural Adaptation, Testing, International Markets",Maria Brown,4.3,30,600,69.99,Premium,5.17,,
CC003,Microsoft Azure,Cloud Platform,Cloud,Intermediate,"Azure Services, Virtual Machines, Storage, Networking, DevOps",Dr. Lisa Thompson,4.5,60,2400,94.99,Premium,3.01,,
CC004,Google Cloud Platform,Cloud Platform,Cloud,Intermediate,"GCP Services, Compute Engine, Cloud Storage, BigQuery, Kubernetes",Prof. Kevin Davis,4.4,60,2000,89.99,Mid-range,5.72,,
CC005,Docker Fundamentals,Containerization,Cloud,Intermediate,"Containers, Docker Images, Dockerfile, Docker Compose, Registry",Dr. Sarah Martinez,4.6,40,2200,74.99,Premium,2.1,,
CC006,Kubernetes Mastery,Orchestration,Cloud,Advanced,"Pods, Services, Deployments, ConfigMaps, Secrets, Ingress",Prof. Michael Rodriguez,4.7,70,1600,119.99,Premium,5.64,,
CC007,Serverless Computing,Serverless,Cloud,Advanced,"Lambda Functions, API Gateway, Event-Driven Architecture, Microservices",Dr. Amanda Wilson,4.5,50,1400,99.99,Mid-range,7.92,,
CC008,Cloud DevOps,DevOps,Cloud,Advanced,"CI/CD, Infrastructure as Code, Monitoring, Automation",Carlos Kim,4.6,60,1200,109.99,Premium,6.44,,
CC009,Cloud Storage Solutions,Storage,Cloud,Intermediate,"Object Storage, Block Storage, File Systems, Backup, Archiving",Dr. Jennifer Chen,4.3,30,1800,69.99,Mid-range,4.3,,
CC010,Cloud Networking,Networking,Cloud,Advanced,"VPC, Subnets, Load Balancers, CDN, Security Groups",Prof. Robert Garcia,4.4,50,1000,89.99,Premium,4.05,,
CC011,Cloud Cost Optimization,Cost Management,Cloud,Intermediate,"Cost Analysis, Resource Optimization, Budgeting, Reserved Instances",Maria Davis,4.2,30,1600,64.99,Premium,2.82,,
CC012,Cloud Migration,Migration,Cloud,Advanced,"Migration Strategies, Assessment, Planning, Execution, Optimization",Dr. Steven Martinez,4.5,70,800,129.99,Premium,3.68,,
CC013,Cloud Monitoring,Monitoring,Cloud,Intermediate,"Logging, Metrics, Alerting, Dashboards, Performance Monitoring",Prof. Lisa Rodriguez,4.4,40,1200,79.99,Premium,3.36,,
CC014,Multi-Cloud Strategy,Strategy,Cloud,Advanced,"Cloud Comparison, Vendor Management, Hybrid Cloud, Risk Management",Dr. Kevin Thompson,4.3,50,600,109.99,Premium,2.35,,
CC015,Cloud Disaster Recovery,Disaster Recovery,Cloud,Advanced,"Backup Strategies, RTO/RPO, Failover, Business Continuity",Amanda Brown,4.5,40,1000,94.99,Premium,3.6,,
HR003,Talent Acquisition,Recruitment,Business,Intermediate,"Sourcing, Interviewing, Candidate Assessment, Onboarding",Dr. Patricia Wilson,4.4,40,1200,69.99,Premium,5.28,,
HR004,Performance Management,Management,Business,Intermediate,"Goal Setting, Feedback, Performance Reviews, Development Planning",Prof. James Kim,4.3,30,1000,59.99,Mid-range,6.02,,
HR005,Employee Engagement,Engagement,Business,Intermediate,"Motivation, Retention, Culture, Communication, Recognition",Dr. Sarah Garcia,4.5,40,1400,74.99,Premium,7.2,,
HR006,Compensation and Benefits,Compensation,Business,Advanced,"Salary Structures, Benefits Design, Equity, Market Analysis",Maria Chen,4.2,50,800,89.99,Mid-range,9.68,,
HR007,HR Analytics,Analytics,Business,Advanced,"People Analytics, Metrics, Reporting, Predictive Analytics",Dr. Michael Rodriguez,4.4,60,600,99.99,Mid-range,7.74,,
HR008,Labor Relations,Relations,Business,Advanced,"Union Relations, Collective Bargaining, Grievance Handling, Labor Law",Prof. Jennifer Davis,4.3,50,700,84.99,Mid-range,9.2,,
HR009,Diversity and Inclusion,Diversity,Business,Intermediate,"Inclusive Hiring, Bias Training, Cultural Competency, DEI Strategy",Dr. Lisa Martinez,4.6,30,1800,64.99,Premium,5.4,,
HR010,Training and Development,Training,Business,Intermediate,"Learning Design, Skills Assessment, Career Development, Coaching",Carlos Thompson,4.4,40,1200,69.99,Mid-range,7.04,,
HR011,Change Management,Change,Business,Advanced,"Change Models, Communication, Resistance Management, Culture Change",Dr. Amanda Kim,4.5,50,1000,89.99,Premium,2.82,,
HR012,Employment Law,Legal,Business,Advanced,"Compliance, Documentation, Risk Management, Legal Updates",Prof. Robert Wilson,4.3,40,900,79.99,Premium,2.4,,
HR013,HR Technology,Technology,Business,Intermediate,"HRIS, ATS, Performance Systems, Digital HR Transformation",Maria Rodriguez,4.2,30,1100,64.99,Premium,1.84,,
HR014,Global HR Management,Global,Business,Advanced,"Cross-Cultural Management, International Law, Global Mobility",Dr. Steven Chen,4.4,60,600,109.99,Premium,1.35,,
HR015,Strategic HR Planning,Strategy,Business,Advanced,"Workforce Planning, Succession Planning, Organizational Design",Prof. Angela Brown,4.5,50,800,94.99,Premium,1.65,,
PM003,Data-Driven Product Management,Analytics,Product Management,Advanced,"Product Analytics, A/B Testing, User Metrics, Data Visualization",Dr. Michelle Garcia,4.6,60,1200,109.99,Mid-range,7.92,,
PM004,User Research Methods,Research,Product Management,Intermediate,"Interview Techniques, Survey Design, Usability Testing, Persona Development",Prof. Daniel Thompson,4.4,40,1400,79.99,Premium,5.4,,
PM005,Product Marketing,Marketing,Product Management,Intermediate,"Go-to-Market, Positioning, Messaging, Launch Planning, Competitive Intelligence",Dr. Sarah Wilson,4.5,50,1600,84.99,Premium,3.44,,
PM006,Technical Product Management,Technical,Product Management,Advanced,"API Design, Technical Specifications, Engineering Collaboration",Prof. Kevin Martinez,4.7,70,1000,119.99,Premium,2.76,,
PM007,Product Lifecycle Management,Lifecycle,Product Management,Advanced,"Innovation, Growth Strategies, Maturity Management, End-of-Life Planning",Dr. Jennifer Kim,4.3,60,800,99.99,Premium,3.96,,
PM008,Mobile Product Management,Mobile,Product Management,Advanced,"App Store Optimization, Mobile UX, Push Notifications, App Analytics",Carlos Rodriguez,4.4,50,1200,94.99,Mid-range,6.88,,
PM009,SaaS Product Management,SaaS,Product Management,Advanced,"Subscription Models, Churn Analysis, Feature Adoption, Customer Success",Dr. Amanda Chen,4.6,60,1000,109.99,1200,79.99,Mid-range,5.28
PM010,Product Operations,Operations,Product Management,Intermediate,"Process Optimization, Tool Selection, Team Coordination, Performance Metrics",Prof. Lisa Davis,4.2,40,900,74.99,1000,84.99,Premium,4.5
PM011,Platform Product Management,Platform,Product Management,Advanced,"Platform Strategy, API Management, Developer Relations, Ecosystem Building",Dr. Michael Brown,4.5,70,600,129.99,Premium,3.68,,
PM012,Growth Product Management,Growth,Product Management,Advanced,"Growth Hacking, Funnel Optimization, Retention Strategies, Viral Mechanics",Maria Martinez,4.7,50,1100,99.99,Premium,2.82,,
PM013,Enterprise Product Management,Enterprise,Product Management,Advanced,"B2B Sales, Enterprise Sales Cycles, Stakeholder Management, Compliance",Dr. Robert Garcia,4.3,60,700,114.99,Premium,1.8,,
PM014,Product Design Collaboration,Design,Product Management,Intermediate,"Design Systems, Prototyping, User Testing, Design-Dev Handoff",Prof. Steven Kim,4.4,30,1300,69.99,Premium,1.68,,
PM015,International Product Management,International,Product Management,Advanced,"Localization, Global Markets, Cultural Adaptation, Regulatory Compliance",Dr. Angela Wilson,4.2,50,500,104.99,Premium,1.38,,
PF003,Algorithms and Complexity,Programming,Computer Science,Advanced,"Algorithm Design, Time Complexity, Space Complexity, Optimization",Prof. David Chen,4.7,70,1200,94.99,Premium,2.35,,
PF004,Database Design,Database,Computer Science,Intermediate,"Relational Design, Normalization, SQL, Database Optimization",Dr. Sarah Rodriguez,4.4,50,1800,74.99,Premium,1.2,,
PF005,Software Engineering,Engineering,Computer Science,Advanced,"SDLC, Design Patterns, Testing, Version Control, Documentation",Prof. Michael Kim,4.6,80,1400,109.99,Mid-range,8.4,,
PF006,Computer Networks,Networking,Computer Science,Intermediate,"Network Protocols, Socket Programming, Distributed Systems",Dr. Jennifer Martinez,4.3,60,1000,79.99,Mid-range,6.45,,
PF007,Operating Systems,Systems,Computer Science,Advanced,"Process Management, Memory Management, File Systems, Concurrency",Prof. Robert Thompson,4.5,70,900,99.99,Premium,5.28,,
PF008,Compiler Design,Systems,Computer Science,Advanced,"Lexical Analysis, Parsing, Code Generation, Optimization",Dr. Lisa Wilson,4.7,80,600,129.99,Premium,4.5,,
PF009,Computer Graphics,Graphics,Computer Science,Advanced,"3D Mathematics, Rendering, OpenGL, Shaders, Animation",Prof. Carlos Davis,4.6,60,800,119.99,Premium,2.76,,
PF010,Machine Learning Theory,Theory,Computer Science,Advanced,"Mathematical Foundations, Optimization, Information Theory",Dr. Amanda Garcia,4.8,70,700,139.99,Premium,3.52,,
PF011,Distributed Systems,Systems,Computer Science,Advanced,"Consensus, Replication, Fault Tolerance, Scalability",Prof. Kevin Brown,4.7,80,500,149.99,Premium,2.15,,
PF012,Information Security,Security,Computer Science,Advanced,"Cryptography, Network Security, System Security, Privacy",Dr. Steven Martinez,4.5,60,800,109.99,Premium,4.23,,
PF013,Human-Computer Interaction,HCI,Computer Science,Intermediate,"User Interface Design, Usability, Interaction Design, Evaluation Methods",Maria Chen,4.4,50,1200,84.99,Premium,2.94,,
PF014,Software Testing,Testing,Computer Science,Intermediate,"Unit Testing, Integration Testing, Test Automation, Quality Assurance",Dr. Jennifer Rodriguez,4.3,40,1400,69.99,Premium,1.8,,
PF015,Mobile App Development,Mobile,Computer Science,Intermediate,"iOS Development, Android Development, Cross-Platform, App Deployment",Prof. Robert Kim,4.5,60,1600,89.99,Mid-range,10.32,,
MA001,Calculus I,Calculus,Mathematics,Beginner,"Limits, Derivatives, Applications of Derivatives, Integration",Prof. Elizabeth Johnson,4.4,60,2200,64.99,Mid-range,7.92,,
MA002,Calculus II,Calculus,Mathematics,Intermediate,"Integration Techniques, Series, Parametric Equations, Polar Coordinates",Dr. Michael Davis,4.3,60,1800,69.99,Mid-range,5.4,,
MA003,Linear Algebra,Algebra,Mathematics,Intermediate,"Matrices, Vector Spaces, Eigenvalues, Linear Transformations",Prof. Sarah Wilson,4.6,50,2000,74.99,Premium,4.6,,
MA004,Differential Equations,Equations,Mathematics,Advanced,"First-Order ODEs, Second-Order ODEs, Laplace Transforms, Systems",Dr. Robert Chen,4.5,60,1200,84.99,Premium,4.05,,
MA005,Discrete Mathematics,Discrete,Mathematics,Intermediate,"Logic, Set Theory, Combinatorics, Graph Theory, Number Theory",Prof. Jennifer Martinez,4.4,50,1600,69.99,Mid-range,6.16,,
MA006,Abstract Algebra,Algebra,Mathematics,Advanced,"Groups, Rings, Fields, Galois Theory",Dr. Kevin Rodriguez,4.7,70,600,99.99,Mid-range,4.73,,
MA007,Real Analysis,Analysis,Mathematics,Advanced,"Sequences, Series, Continuity, Differentiation, Integration, Topology",Prof. Amanda Thompson,4.8,80,500,119.99,Mid-range,3.68,,
MA008,Complex Analysis,Analysis,Mathematics,Advanced,"Complex Numbers, Analytic Functions, Contour Integration, Residue Theorem",Dr. Lisa Garcia,4.6,60,400,109.99,Premium,7.52,,
MA009,Topology,Topology,Mathematics,Advanced,"Metric Spaces, Topological Spaces, Continuity, Compactness, Connectedness",Prof. Carlos Kim,4.5,70,300,129.99,Premium,2.88,,
MA010,Number Theory,Number Theory,Mathematics,Advanced,"Prime Numbers, Congruences, Quadratic Residues, Cryptographic Applications",Dr. Steven Brown,4.7,60,350,114.99,Mid-range,7.56,,
MA011,Probability Theory,Probability,Mathematics,Intermediate,"Sample Spaces, Random Variables, Distributions, Central Limit Theorem",Prof. Maria Rodriguez,4.4,50,1800,79.99,Mid-range,6.16,,
MA012,Mathematical Statistics,Statistics,Mathematics,Advanced,"Estimation, Hypothesis Testing, Confidence Intervals, Regression Analysis",Dr. Angela Wilson,4.5,60,1200,94.99,Mid-range,5.16,,
MA013,Numerical Analysis,Numerical,Mathematics,Advanced,"Numerical Methods, Error Analysis, Interpolation, Integration, ODEs",Prof. David Davis,4.3,60,800,89.99,Premium,4.5,,
MA014,Optimization Theory,Optimization,Mathematics,Advanced,"Linear Programming, Nonlinear Optimization, Convex Optimization",Dr. Jennifer Chen,4.6,70,600,109.99,Premium,3.52,,
MA015,Applied Mathematics,Applied,Mathematics,Advanced,"Mathematical Modeling, Physical Applications, Engineering Mathematics",Prof. Robert Martinez,4.4,60,900,94.99,Premium,3.22,,
PH001,General Physics I,Mechanics,Physics,Beginner,"Mechanics, Kinematics, Dynamics, Energy, Momentum, Rotational Motion",Prof. Thomas Anderson,4.3,70,1600,74.99,Mid-range,6.45,,
PH002,General Physics II,Waves,Physics,Intermediate,"Waves, Sound, Thermodynamics, Kinetic Theory, Heat Transfer", thermodynamics, and heat,70,Dr. Sarah Johnson,4.4,Mid-range,5.28,,
PH003,General Physics III,Electricity,Physics,Intermediate,"Electrostatics, Electric Circuits, Magnetism, Electromagnetic Induction", magnetism, and electromagnetic phenomena,70,Prof. Michael Wilson,4.5,Premium,4.05,,
PH004,Modern Physics,Modern,Physics,Advanced,"Relativity, Quantum Mechanics, Atomic Physics, Nuclear Physics",Dr. Jennifer Rodriguez,4.6,60,800,99.99,Mid-range,5.46,,
PH005,Quantum Mechanics,Quantum,Physics,Advanced,"Wave Functions, Schr√∂dinger Equation, Operators, Quantum Systems",Prof. Robert Kim,4.7,80,600,129.99,,,,
PH006,Statistical Mechanics,Statistical,Physics,Advanced,"Ensembles, Partition Functions, Phase Transitions, Critical Phenomena",Dr. Lisa Chen,4.5,70,400,119.99,,,,
PH007,Electrodynamics,Electromagnetism,Physics,Advanced,"Maxwell Equations, Wave Propagation, Radiation, Relativistic Electrodynamics",Prof. Carlos Martinez,4.8,80,350,139.99,,,,
PH008,Solid State Physics,Condensed Matter,Physics,Advanced,"Crystal Structure, Electronic Properties, Semiconductors, Superconductivity",Dr. Amanda Garcia,4.6,70,300,124.99,,,,
PH009,Astrophysics,Astronomy,Physics,Advanced,"Stellar Physics, Galaxies, Cosmology, Black Holes, Dark Matter",Prof. Steven Thompson,4.7,60,500,109.99,,,,
PH010,Particle Physics,Particles,Physics,Advanced,"Standard Model, Elementary Particles, Symmetries, Gauge Theories",Dr. Maria Brown,4.8,80,250,149.99,,,,
CH001,General Chemistry I,General,Chemistry,Beginner,"Atomic Structure, Chemical Bonding, Stoichiometry, Gas Laws",Prof. David Rodriguez,4.2,60,2000,69.99,,,,
CH002,General Chemistry II,General,Chemistry,Intermediate,"Solutions, Kinetics, Equilibrium, Thermodynamics, Electrochemistry",Dr. Sarah Martinez,4.3,60,1500,74.99,,,,
CH003,Organic Chemistry I,Organic,Chemistry,Intermediate,"Hydrocarbons, Functional Groups, Reactions, Stereochemistry",Prof. Jennifer Wilson,4.4,70,1200,89.99,,,,
CH004,Organic Chemistry II,Organic,Chemistry,Advanced,"Advanced Reactions, Synthesis, Spectroscopy, Biomolecules",Dr. Michael Kim,4.5,70,1000,99.99,,,,
CH005,Physical Chemistry,Physical,Chemistry,Advanced,"Thermodynamics, Quantum Chemistry, Kinetics, Statistical Mechanics",Prof. Lisa Thompson,4.6,80,600,119.99,,,,
CH006,Analytical Chemistry,Analytical,Chemistry,Advanced,"Instrumental Analysis, Spectroscopy, Chromatography, Electroanalysis",Dr. Robert Chen,4.4,60,800,94.99,,,,
CH007,Inorganic Chemistry,Inorganic,Chemistry,Advanced,"Coordination Compounds, Solid State, Organometallics, Bioinorganics",Prof. Amanda Davis,4.3,60,500,89.99,,,,
CH008,Biochemistry,Biochemistry,Chemistry,Advanced,"Proteins, Enzymes, Metabolism, Nucleic Acids, Molecular Biology",Dr. Carlos Garcia,4.7,70,900,109.99,,,,
CH009,Environmental Chemistry,Environmental,Chemistry,Advanced,"Pollution, Atmospheric Chemistry, Water Chemistry, Green Chemistry",Prof. Maria Rodriguez,4.2,50,700,84.99,,,,
CH010,Materials Chemistry,Materials,Chemistry,Advanced,"Polymers, Nanomaterials, Electronic Materials, Characterization",Dr. Steven Martinez,4.5,60,400,99.99,,,,
BI001,General Biology I,General,Biology,Beginner,"Cell Biology, Genetics, Evolution, Ecology, Scientific Method",Prof. Emily Johnson,4.3,60,2400,64.99,,,,
BI002,General Biology II,General,Biology,Intermediate,"Plant Biology, Animal Biology, Physiology, Development, Behavior",Dr. James Wilson,4.4,60,1800,69.99,,,,
BI003,Microbiology,Microbiology,Biology,Intermediate,"Bacteria, Viruses, Fungi, Microbial Genetics, Medical Microbiology",Prof. Sarah Chen,4.5,50,1200,79.99,,,,
BI004,Molecular Biology,Molecular,Biology,Advanced,"DNA, RNA, Proteins, Gene Expression, Biotechnology",Dr. Michael Rodriguez,4.6,70,1000,99.99,,,,
BI005,Cell Biology,Cell,Biology,Advanced,"Cell Structure, Organelles, Cell Cycle, Signal Transduction",Prof. Jennifer Martinez,4.5,60,900,89.99,,,,
BI006,Genetics,Genetics,Biology,Intermediate,"Mendelian Genetics, Population Genetics, Molecular Genetics, Genomics",Dr. Robert Kim,4.4,50,1400,74.99,,,,
BI007,Ecology,Ecology,Biology,Intermediate,"Ecosystems, Population Dynamics, Community Ecology, Conservation",Prof. Lisa Thompson,4.3,60,1100,69.99,,,,
BI008,Evolution,Evolution,Biology,Intermediate,"Natural Selection, Phylogenetics, Speciation, Evolutionary History",Dr. Amanda Garcia,4.6,40,800,64.99,,,,
BI009,Anatomy and Physiology,Anatomy,Biology,Advanced,"Human Body Systems, Homeostasis, Disease, Medical Applications",Prof. Carlos Davis,4.7,80,1600,109.99,,,,
BI010,Neurobiology,Neuroscience,Biology,Advanced,"Nervous System, Brain Function, Behavior, Neurological Disorders",Dr. Maria Brown,4.8,70,600,119.99,,,,
EG001,Introduction to Engineering,General,Engineering,Beginner,"Engineering Design, Problem Solving, Ethics, Communication",Prof. John Anderson,4.2,40,1800,59.99,,,,
EG002,Engineering Mechanics,Mechanics,Engineering,Intermediate,"Statics, Dynamics, Strength of Materials, Structural Analysis",Dr. Sarah Johnson,4.4,60,1400,79.99,,,,
EG003,Thermodynamics,Thermodynamics,Engineering,Intermediate,"Heat Engines, Refrigeration, Power Cycles, Energy Systems",Prof. Michael Wilson,4.3,50,1200,74.99,,,,
EG004,Fluid Mechanics,Fluids,Engineering,Advanced,"Fluid Statics, Fluid Dynamics, Pipe Flow, Turbomachinery",Dr. Jennifer Rodriguez,4.5,60,1000,89.99,,,,
EG005,Heat Transfer,Heat,Engineering,Advanced,"Conduction, Convection, Radiation, Heat Exchangers",Prof. Robert Kim,4.4,50,800,84.99,,,,
EG006,Control Systems,Control,Engineering,Advanced,"System Modeling, Feedback Control, Stability, PID Controllers",Dr. Lisa Chen,4.6,60,700,99.99,,,,
EG007,Circuit Analysis,Circuits,Engineering,Intermediate,"DC Circuits, AC Circuits, Network Analysis, Electronic Components",Prof. Carlos Martinez,4.3,50,1500,69.99,,,,
EG008,Digital Logic Design,Digital,Engineering,Intermediate,"Boolean Algebra, Logic Gates, Sequential Circuits, Computer Architecture",Dr. Amanda Garcia,4.4,40,1200,74.99,,,,
EG009,Materials Science,Materials,Engineering,Advanced,"Crystal Structure, Mechanical Properties, Phase Diagrams, Material Selection",Prof. Steven Thompson,4.5,60,900,89.99,,,,
EG010,Engineering Economics,Economics,Engineering,Intermediate,"Time Value of Money, Present Worth, Rate of Return, Decision Analysis",Dr. Maria Brown,4.2,30,1300,59.99,,,,
